year,fips,heroin_death_rate,heroin_deaths,heroin_treatment_rate,heroin_treatments,hospitalization_rate,hospitalizations,methadone_treatment_rate,methadone_treatments,naloxone_providers,overdose_rate,overdoses,pain_reliever_death_rate,pain_reliever_deaths,county
2011,18,,,32.9,2147.0,2.7,173.0,2.2,144.0,,28.5,1856.0,,,INDIANA
2011,18001,,,75.6,26.0,0.0,0.0,0.0,0.0,,0.0,0.0,,,Adams
2011,18003,,,9.8,35.0,0.0,0.0,2.8,10.0,,14.0,50.0,,,Allen
2011,18005,,,0.0,0.0,0.0,0.0,0.0,0.0,,19.3,15.0,,,Bartholomew
2011,18007,,,0.0,0.0,0.0,0.0,0.0,0.0,,0.0,0.0,,,Benton
2011,18009,,,0.0,0.0,0.0,0.0,0.0,0.0,,63.5,8.0,,,Blackford
2011,18011,,,48.7,28.0,0.0,0.0,0.0,0.0,,31.3,18.0,,,Boone
2011,18013,,,0.0,0.0,0.0,0.0,0.0,0.0,,0.0,0.0,,,Brown
2011,18015,,,30.0,6.0,0.0,0.0,0.0,0.0,,0.0,0.0,,,Carroll
2011,18017,,,0.0,0.0,0.0,0.0,0.0,0.0,,18.0,7.0,,,Cass
2011,18019,,,11.7,13.0,0.0,0.0,0.0,0.0,,29.6,33.0,,,Clark
2011,18021,,,0.0,0.0,0.0,0.0,0.0,0.0,,33.5,9.0,,,Clay
2011,18023,,,0.0,0.0,0.0,0.0,0.0,0.0,,63.4,21.0,,,Clinton
2011,18025,,,0.0,0.0,0.0,0.0,0.0,0.0,,0.0,0.0,,,Crawford
2011,18027,,,0.0,0.0,0.0,0.0,0.0,0.0,,0.0,0.0,,,Daviess
2011,18029,,,116.0,58.0,0.0,0.0,0.0,0.0,,14.0,7.0,,,Dearborn
2011,18031,,,0.0,0.0,0.0,0.0,0.0,0.0,,46.4,12.0,,,Decatur
2011,18033,,,0.0,0.0,0.0,0.0,0.0,0.0,,18.8,8.0,,,DeKalb
2011,18035,,,10.2,12.0,0.0,0.0,6.8,8.0,,11.9,14.0,,,Delaware
2011,18037,,,0.0,0.0,0.0,0.0,0.0,0.0,,14.2,6.0,,,Dubois
2011,18039,,,7.5,15.0,0.0,0.0,0.0,0.0,,11.6,23.0,,,Elkhart
2011,18041,,,20.6,5.0,0.0,0.0,0.0,0.0,,49.4,12.0,,,Fayette
2011,18043,,,17.3,13.0,0.0,0.0,0.0,0.0,,25.3,19.0,,,Floyd
2011,18045,,,46.5,8.0,0.0,0.0,0.0,0.0,,29.0,5.0,,,Fountain
2011,18047,,,26.0,6.0,0.0,0.0,0.0,0.0,,34.7,8.0,,,Franklin
2011,18049,,,0.0,0.0,0.0,0.0,0.0,0.0,,33.5,7.0,,,Fulton
2011,18051,,,0.0,0.0,0.0,0.0,0.0,0.0,,20.9,7.0,,,Gibson
2011,18053,,,0.0,0.0,0.0,0.0,0.0,0.0,,28.7,20.0,,,Grant
2011,18055,,,0.0,0.0,0.0,0.0,0.0,0.0,,15.2,5.0,,,Greene
2011,18057,,,25.5,72.0,0.0,0.0,0.0,0.0,,20.2,57.0,,,Hamilton
2011,18059,,,7.1,5.0,0.0,0.0,0.0,0.0,,28.4,20.0,,,Hancock
2011,18061,,,17.8,7.0,0.0,0.0,0.0,0.0,,40.7,16.0,,,Harrison
2011,18063,,,30.4,45.0,0.0,0.0,0.0,0.0,,33.1,49.0,,,Hendricks
2011,18065,,,22.3,11.0,0.0,0.0,0.0,0.0,,22.3,11.0,,,Henry
2011,18067,,,25.4,21.0,0.0,0.0,29.0,24.0,,61.6,51.0,,,Howard
2011,18069,,,0.0,0.0,0.0,0.0,0.0,0.0,,40.3,15.0,,,Huntington
2011,18071,,,34.9,15.0,0.0,0.0,0.0,0.0,,25.6,11.0,,,Jackson
2011,18073,,,20.9,7.0,18.0,6.0,0.0,0.0,,29.9,10.0,,,Jasper
2011,18075,,,0.0,0.0,0.0,0.0,0.0,0.0,,42.2,9.0,,,Jay
2011,18077,,,0.0,0.0,0.0,0.0,0.0,0.0,,37.2,12.0,,,Jefferson
2011,18079,,,0.0,0.0,0.0,0.0,0.0,0.0,,39.0,11.0,,,Jennings
2011,18081,,,23.3,33.0,0.0,0.0,0.0,0.0,,33.2,47.0,,,Johnson
2011,18083,,,0.0,0.0,0.0,0.0,0.0,0.0,,0.0,0.0,,,Knox
2011,18085,,,0.0,0.0,0.0,0.0,0.0,0.0,,22.0,17.0,,,Kosciusko
2011,18087,,,58.9,22.0,0.0,0.0,0.0,0.0,,18.7,7.0,,,LaGrange
2011,18089,,,86.6,429.0,4.2,21.0,0.0,0.0,,23.8,118.0,,,Lake
2011,18091,,,118.5,132.0,7.2,8.0,0.0,0.0,,42.2,47.0,,,LaPorte
2011,18093,,,0.0,0.0,0.0,0.0,0.0,0.0,,58.4,27.0,,,Lawrence
2011,18095,,,7.6,10.0,0.0,0.0,0.0,0.0,,48.0,63.0,,,Madison
2011,18097,,,60.2,549.0,5.3,48.0,2.4,22.0,,38.8,354.0,,,Marion
2011,18099,,,0.0,0.0,0.0,0.0,0.0,0.0,,14.9,7.0,,,Marshall
2011,18101,,,0.0,0.0,0.0,0.0,0.0,0.0,,0.0,0.0,,,Martin
2011,18103,,,0.0,0.0,0.0,0.0,0.0,0.0,,38.2,14.0,,,Miami
2011,18105,,,17.2,24.0,0.0,0.0,0.0,0.0,,14.3,20.0,,,Monroe
2011,18107,,,59.8,23.0,0.0,0.0,0.0,0.0,,52.0,20.0,,,Montgomery
2011,18109,,,37.4,26.0,7.2,5.0,0.0,0.0,,69.1,48.0,,,Morgan
2011,18111,,,42.4,6.0,0.0,0.0,0.0,0.0,,0.0,0.0,,,Newton
2011,18113,,,0.0,0.0,0.0,0.0,0.0,0.0,,14.7,7.0,,,Noble
2011,18115,,,0.0,0.0,0.0,0.0,0.0,0.0,,0.0,0.0,,,Ohio
2011,18117,,,0.0,0.0,0.0,0.0,0.0,0.0,,0.0,0.0,,,Orange
2011,18119,,,0.0,0.0,0.0,0.0,0.0,0.0,,0.0,0.0,,,Owen
2011,18121,,,0.0,0.0,0.0,0.0,0.0,0.0,,0.0,0.0,,,Parke
2011,18123,,,0.0,0.0,0.0,0.0,0.0,0.0,,0.0,0.0,,,Perry
2011,18125,,,0.0,0.0,0.0,0.0,0.0,0.0,,0.0,0.0,,,Pike
2011,18127,,,88.2,146.0,5.4,9.0,0.0,0.0,,29.6,49.0,,,Porter
2011,18129,,,0.0,0.0,0.0,0.0,0.0,0.0,,0.0,0.0,,,Posey
2011,18131,,,0.0,0.0,0.0,0.0,0.0,0.0,,59.9,8.0,,,Pulaski
2011,18133,,,0.0,0.0,0.0,0.0,0.0,0.0,,23.7,9.0,,,Putnam
2011,18135,,,46.0,12.0,0.0,0.0,0.0,0.0,,19.2,5.0,,,Randolph
2011,18137,,,31.3,9.0,0.0,0.0,0.0,0.0,,0.0,0.0,,,Ripley
2011,18139,,,0.0,0.0,0.0,0.0,0.0,0.0,,28.9,5.0,,,Rush
2011,18141,,,34.1,91.0,3.7,10.0,0.0,0.0,,28.9,77.0,,,St. Joseph
2011,18143,,,0.0,0.0,0.0,0.0,0.0,0.0,,87.5,21.0,,,Scott
2011,18145,,,11.3,5.0,0.0,0.0,0.0,0.0,,58.6,26.0,,,Shelby
2011,18147,,,0.0,0.0,0.0,0.0,0.0,0.0,,0.0,0.0,,,Spencer
2011,18149,,,77.6,18.0,0.0,0.0,0.0,0.0,,56.0,13.0,,,Starke
2011,18151,,,0.0,0.0,0.0,0.0,0.0,0.0,,17.6,6.0,,,Steuben
2011,18153,,,0.0,0.0,0.0,0.0,0.0,0.0,,28.1,6.0,,,Sullivan
2011,18155,,,0.0,0.0,0.0,0.0,0.0,0.0,,0.0,0.0,,,Switzerland
2011,18157,,,27.5,48.0,0.0,0.0,0.0,0.0,,28.0,49.0,,,Tippecanoe
2011,18159,,,0.0,0.0,0.0,0.0,0.0,0.0,,0.0,0.0,,,Tipton
2011,18161,,,0.0,0.0,0.0,0.0,0.0,0.0,,0.0,0.0,,,Union
2011,18163,,,3.3,6.0,0.0,0.0,0.0,0.0,,18.9,34.0,,,Vanderburgh
2011,18165,,,0.0,0.0,0.0,0.0,0.0,0.0,,0.0,0.0,,,Vermillion
2011,18167,,,4.6,5.0,0.0,0.0,4.6,5.0,,13.9,15.0,,,Vigo
2011,18169,,,49.1,16.0,0.0,0.0,18.4,6.0,,52.1,17.0,,,Wabash
2011,18171,,,0.0,0.0,0.0,0.0,0.0,0.0,,0.0,0.0,,,Warren
2011,18173,,,0.0,0.0,0.0,0.0,0.0,0.0,,16.6,10.0,,,Warrick
2011,18175,,,0.0,0.0,0.0,0.0,0.0,0.0,,0.0,0.0,,,Washington
2011,18177,,,94.7,65.0,16.0,11.0,0.0,0.0,,64.1,44.0,,,Wayne
2011,18179,,,0.0,0.0,0.0,0.0,0.0,0.0,,32.5,9.0,,,Wells
2011,18181,,,0.0,0.0,0.0,0.0,0.0,0.0,,36.4,9.0,,,White
2011,18183,,,0.0,0.0,0.0,0.0,0.0,0.0,,27.0,9.0,,,Whitley
2012,18,1.7,110.0,42.8,2800.0,3.9,257.0,2.5,166.0,,30.1,1969.0,3.2,206.0,INDIANA
2012,18001,0.0,0.0,14.5,5.0,0.0,0.0,0.0,0.0,,0.0,0.0,0.0,0.0,Adams
2012,18003,0.0,0.0,62.2,224.0,1.9,7.0,2.2,8.0,,16.4,59.0,0.0,5.0,Allen
2012,18005,0.0,0.0,0.0,0.0,0.0,0.0,0.0,0.0,,26.5,21.0,0.0,1.0,Bartholomew
2012,18007,0.0,0.0,0.0,0.0,0.0,0.0,0.0,0.0,,0.0,0.0,0.0,0.0,Benton
2012,18009,0.0,0.0,0.0,0.0,0.0,0.0,0.0,0.0,,72.0,9.0,0.0,1.0,Blackford
2012,18011,0.0,1.0,54.3,32.0,15.3,9.0,0.0,0.0,,35.6,21.0,0.0,3.0,Boone
2012,18013,0.0,0.0,0.0,0.0,0.0,0.0,0.0,0.0,,0.0,0.0,0.0,0.0,Brown
2012,18015,0.0,0.0,44.8,9.0,0.0,0.0,0.0,0.0,,24.9,5.0,0.0,0.0,Carroll
2012,18017,0.0,0.0,0.0,0.0,0.0,0.0,0.0,0.0,,13.0,5.0,0.0,0.0,Cass
2012,18019,0.0,2.0,25.9,29.0,10.7,12.0,0.0,0.0,,42.0,47.0,0.0,9.0,Clark
2012,18021,0.0,0.0,0.0,0.0,0.0,0.0,0.0,0.0,,26.1,7.0,0.0,0.0,Clay
2012,18023,0.0,1.0,0.0,0.0,0.0,0.0,0.0,0.0,,69.7,23.0,0.0,0.0,Clinton
2012,18025,0.0,1.0,0.0,0.0,0.0,0.0,0.0,0.0,,0.0,0.0,0.0,0.0,Crawford
2012,18027,0.0,0.0,0.0,0.0,0.0,0.0,0.0,0.0,,0.0,0.0,0.0,1.0,Daviess
2012,18029,0.0,6.0,168.8,84.0,0.0,0.0,0.0,0.0,,18.1,9.0,0.0,4.0,Dearborn
2012,18031,0.0,0.0,0.0,0.0,0.0,0.0,0.0,0.0,,23.0,6.0,0.0,0.0,Decatur
2012,18033,0.0,0.0,0.0,0.0,0.0,0.0,0.0,0.0,,14.2,6.0,0.0,0.0,DeKalb
2012,18035,0.0,2.0,7.7,9.0,8.5,10.0,10.2,12.0,,19.6,23.0,0.0,9.0,Delaware
2012,18037,0.0,0.0,0.0,0.0,0.0,0.0,0.0,0.0,,0.0,0.0,0.0,0.0,Dubois
2012,18039,0.0,3.0,13.0,26.0,0.0,0.0,0.0,0.0,,13.0,26.0,0.0,5.0,Elkhart
2012,18041,0.0,0.0,62.4,15.0,20.8,5.0,0.0,0.0,,62.4,15.0,0.0,1.0,Fayette
2012,18043,0.0,3.0,17.3,13.0,9.3,7.0,0.0,0.0,,37.2,28.0,0.0,6.0,Floyd
2012,18045,0.0,0.0,29.2,5.0,0.0,0.0,0.0,0.0,,35.0,6.0,0.0,0.0,Fountain
2012,18047,0.0,0.0,56.6,13.0,0.0,0.0,0.0,0.0,,26.1,6.0,0.0,3.0,Franklin
2012,18049,0.0,1.0,28.9,6.0,0.0,0.0,0.0,0.0,,33.8,7.0,0.0,0.0,Fulton
2012,18051,0.0,0.0,0.0,0.0,0.0,0.0,0.0,0.0,,23.9,8.0,0.0,0.0,Gibson
2012,18053,0.0,0.0,7.2,5.0,0.0,0.0,11.5,8.0,,36.1,25.0,0.0,0.0,Grant
2012,18055,0.0,0.0,18.2,6.0,0.0,0.0,0.0,0.0,,33.4,11.0,0.0,0.0,Greene
2012,18057,0.0,3.0,19.7,57.0,2.8,8.0,0.0,0.0,,24.2,70.0,0.0,2.0,Hamilton
2012,18059,0.0,2.0,11.3,8.0,0.0,0.0,0.0,0.0,,36.7,26.0,0.0,1.0,Hancock
2012,18061,0.0,0.0,17.9,7.0,0.0,0.0,0.0,0.0,,23.0,9.0,0.0,1.0,Harrison
2012,18063,0.0,3.0,25.3,38.0,0.0,0.0,0.0,0.0,,19.3,29.0,0.0,1.0,Hendricks
2012,18065,0.0,0.0,20.3,10.0,0.0,0.0,0.0,0.0,,30.4,15.0,0.0,2.0,Henry
2012,18067,0.0,0.0,22.9,19.0,0.0,0.0,19.3,16.0,,55.5,46.0,0.0,0.0,Howard
2012,18069,0.0,0.0,62.2,23.0,0.0,0.0,0.0,0.0,,29.7,11.0,0.0,1.0,Huntington
2012,18071,0.0,0.0,30.2,13.0,0.0,0.0,0.0,0.0,,16.2,7.0,0.0,2.0,Jackson
2012,18073,0.0,0.0,59.8,20.0,14.9,5.0,0.0,0.0,,20.9,7.0,0.0,0.0,Jasper
2012,18075,0.0,0.0,0.0,0.0,0.0,0.0,0.0,0.0,,23.4,5.0,0.0,1.0,Jay
2012,18077,0.0,1.0,18.4,6.0,0.0,0.0,0.0,0.0,,24.6,8.0,0.0,0.0,Jefferson
2012,18079,0.0,0.0,0.0,0.0,0.0,0.0,0.0,0.0,,49.7,14.0,0.0,5.0,Jennings
2012,18081,0.0,1.0,16.8,24.0,0.0,0.0,0.0,0.0,,34.9,50.0,0.0,1.0,Johnson
2012,18083,0.0,0.0,0.0,0.0,0.0,0.0,0.0,0.0,,15.7,6.0,0.0,1.0,Knox
2012,18085,0.0,1.0,64.4,50.0,0.0,0.0,0.0,0.0,,29.6,23.0,0.0,0.0,Kosciusko
2012,18087,0.0,0.0,18.7,7.0,0.0,0.0,0.0,0.0,,0.0,0.0,0.0,0.0,LaGrange
2012,18089,3.0,15.0,89.9,444.0,7.3,36.0,1.4,7.0,,28.6,141.0,0.0,1.0,Lake
2012,18091,0.0,3.0,133.9,149.0,5.4,6.0,0.0,0.0,,38.7,43.0,0.0,1.0,LaPorte
2012,18093,0.0,2.0,19.5,9.0,0.0,0.0,0.0,0.0,,45.6,21.0,0.0,0.0,Lawrence
2012,18095,0.0,1.0,13.0,17.0,0.0,0.0,3.8,5.0,,50.6,66.0,19.2,25.0,Madison
2012,18097,2.8,26.0,55.5,510.0,6.9,63.0,1.0,9.0,,39.8,366.0,2.9,27.0,Marion
2012,18099,0.0,0.0,110.6,52.0,0.0,0.0,0.0,0.0,,36.2,17.0,0.0,0.0,Marshall
2012,18101,0.0,0.0,0.0,0.0,0.0,0.0,0.0,0.0,,0.0,0.0,0.0,0.0,Martin
2012,18103,0.0,0.0,0.0,0.0,0.0,0.0,0.0,0.0,,16.4,6.0,0.0,1.0,Miami
2012,18105,0.0,1.0,34.0,48.0,0.0,0.0,5.0,7.0,,17.0,24.0,0.0,3.0,Monroe
2012,18107,0.0,1.0,88.9,34.0,0.0,0.0,0.0,0.0,,75.8,29.0,0.0,0.0,Montgomery
2012,18109,0.0,1.0,60.6,42.0,7.2,5.0,0.0,0.0,,75.0,52.0,0.0,3.0,Morgan
2012,18111,0.0,0.0,57.0,8.0,0.0,0.0,0.0,0.0,,35.6,5.0,0.0,0.0,Newton
2012,18113,0.0,0.0,65.2,31.0,0.0,0.0,0.0,0.0,,21.0,10.0,0.0,0.0,Noble
2012,18115,0.0,0.0,0.0,0.0,0.0,0.0,0.0,0.0,,0.0,0.0,0.0,0.0,Ohio
2012,18117,0.0,0.0,0.0,0.0,0.0,0.0,0.0,0.0,,55.9,11.0,0.0,0.0,Orange
2012,18119,0.0,0.0,0.0,0.0,0.0,0.0,0.0,0.0,,0.0,0.0,0.0,0.0,Owen
2012,18121,0.0,0.0,0.0,0.0,0.0,0.0,0.0,0.0,,0.0,0.0,0.0,0.0,Parke
2012,18123,0.0,0.0,0.0,0.0,0.0,0.0,0.0,0.0,,46.2,9.0,0.0,2.0,Perry
2012,18125,0.0,0.0,0.0,0.0,0.0,0.0,0.0,0.0,,0.0,0.0,0.0,1.0,Pike
2012,18127,6.0,10.0,115.3,191.0,4.2,7.0,0.0,0.0,,26.0,43.0,0.0,7.0,Porter
2012,18129,0.0,0.0,0.0,0.0,0.0,0.0,0.0,0.0,,0.0,0.0,0.0,0.0,Posey
2012,18131,0.0,0.0,0.0,0.0,0.0,0.0,0.0,0.0,,68.6,9.0,0.0,1.0,Pulaski
2012,18133,0.0,1.0,0.0,0.0,0.0,0.0,0.0,0.0,,39.7,15.0,0.0,0.0,Putnam
2012,18135,0.0,1.0,81.3,21.0,0.0,0.0,0.0,0.0,,38.7,10.0,0.0,0.0,Randolph
2012,18137,0.0,0.0,94.5,27.0,0.0,0.0,0.0,0.0,,0.0,0.0,0.0,0.0,Ripley
2012,18139,0.0,0.0,0.0,0.0,0.0,0.0,0.0,0.0,,0.0,0.0,0.0,0.0,Rush
2012,18141,0.0,9.0,49.2,131.0,4.9,13.0,0.0,0.0,,33.8,90.0,3.8,10.0,St. Joseph
2012,18143,0.0,1.0,0.0,0.0,0.0,0.0,0.0,0.0,,84.1,20.0,0.0,7.0,Scott
2012,18145,0.0,0.0,15.7,7.0,0.0,0.0,0.0,0.0,,56.2,25.0,0.0,1.0,Shelby
2012,18147,0.0,0.0,0.0,0.0,0.0,0.0,0.0,0.0,,0.0,0.0,0.0,0.0,Spencer
2012,18149,0.0,1.0,90.5,21.0,0.0,0.0,0.0,0.0,,47.4,11.0,0.0,2.0,Starke
2012,18151,0.0,0.0,0.0,0.0,0.0,0.0,0.0,0.0,,17.6,6.0,0.0,3.0,Steuben
2012,18153,0.0,0.0,0.0,0.0,0.0,0.0,0.0,0.0,,42.5,9.0,0.0,0.0,Sullivan
2012,18155,0.0,0.0,0.0,0.0,0.0,0.0,0.0,0.0,,0.0,0.0,0.0,1.0,Switzerland
2012,18157,0.0,2.0,29.9,53.0,3.9,7.0,0.0,0.0,,33.8,60.0,0.0,4.0,Tippecanoe
2012,18159,0.0,0.0,0.0,0.0,0.0,0.0,0.0,0.0,,0.0,0.0,0.0,3.0,Tipton
2012,18161,0.0,0.0,0.0,0.0,0.0,0.0,0.0,0.0,,0.0,0.0,0.0,0.0,Union
2012,18163,0.0,0.0,0.0,0.0,0.0,0.0,6.1,11.0,,16.6,30.0,15.5,28.0,Vanderburgh
2012,18165,0.0,0.0,0.0,0.0,0.0,0.0,0.0,0.0,,0.0,0.0,0.0,0.0,Vermillion
2012,18167,0.0,1.0,11.1,12.0,0.0,0.0,0.0,0.0,,10.1,11.0,0.0,2.0,Vigo
2012,18169,0.0,0.0,123.6,40.0,0.0,0.0,27.8,9.0,,18.5,6.0,0.0,0.0,Wabash
2012,18171,0.0,0.0,0.0,0.0,0.0,0.0,0.0,0.0,,0.0,0.0,0.0,1.0,Warren
2012,18173,0.0,0.0,0.0,0.0,0.0,0.0,0.0,0.0,,18.2,11.0,0.0,1.0,Warrick
2012,18175,0.0,3.0,0.0,0.0,0.0,0.0,0.0,0.0,,32.2,9.0,0.0,4.0,Washington
2012,18177,0.0,0.0,130.2,89.0,7.3,5.0,0.0,0.0,,54.1,37.0,0.0,0.0,Wayne
2012,18179,0.0,0.0,0.0,0.0,0.0,0.0,0.0,0.0,,43.4,12.0,0.0,0.0,Wells
2012,18181,0.0,0.0,0.0,0.0,0.0,0.0,0.0,0.0,,24.6,6.0,0.0,1.0,White
2012,18183,0.0,0.0,75.0,25.0,0.0,0.0,0.0,0.0,,21.0,7.0,0.0,0.0,Whitley
2013,18,2.3,152.0,48.2,3168.0,5.6,370.0,2.3,148.0,,32.8,2157.0,2.6,168.0,INDIANA
2013,18001,0.0,0.0,0.0,0.0,0.0,0.0,0.0,0.0,,17.3,6.0,0.0,1.0,Adams
2013,18003,0.0,0.0,30.3,110.0,3.9,14.0,2.8,10.0,,15.7,57.0,0.0,7.0,Allen
2013,18005,0.0,1.0,16.3,13.0,0.0,0.0,6.3,5.0,,21.4,17.0,0.0,0.0,Bartholomew
2013,18007,0.0,0.0,0.0,0.0,0.0,0.0,0.0,0.0,,0.0,0.0,0.0,0.0,Benton
2013,18009,0.0,0.0,0.0,0.0,0.0,0.0,0.0,0.0,,0.0,0.0,0.0,2.0,Blackford
2013,18011,0.0,1.0,39.7,24.0,8.3,5.0,0.0,0.0,,38.0,23.0,0.0,1.0,Boone
2013,18013,0.0,0.0,0.0,0.0,0.0,0.0,0.0,0.0,,0.0,0.0,0.0,0.0,Brown
2013,18015,0.0,0.0,0.0,0.0,0.0,0.0,0.0,0.0,,54.8,11.0,0.0,0.0,Carroll
2013,18017,0.0,0.0,0.0,0.0,0.0,0.0,0.0,0.0,,20.8,8.0,0.0,1.0,Cass
2013,18019,0.0,4.0,41.6,47.0,11.5,13.0,0.0,0.0,,60.2,68.0,0.0,4.0,Clark
2013,18021,0.0,1.0,0.0,0.0,0.0,0.0,0.0,0.0,,29.8,8.0,0.0,1.0,Clay
2013,18023,0.0,1.0,36.5,12.0,0.0,0.0,0.0,0.0,,91.1,30.0,0.0,1.0,Clinton
2013,18025,0.0,0.0,0.0,0.0,0.0,0.0,0.0,0.0,,0.0,0.0,0.0,0.0,Crawford
2013,18027,0.0,0.0,0.0,0.0,0.0,0.0,0.0,0.0,,15.4,5.0,0.0,1.0,Daviess
2013,18029,0.0,5.0,223.1,111.0,0.0,0.0,0.0,0.0,,16.1,8.0,0.0,1.0,Dearborn
2013,18031,0.0,0.0,0.0,0.0,0.0,0.0,0.0,0.0,,61.0,16.0,0.0,1.0,Decatur
2013,18033,0.0,0.0,11.8,5.0,0.0,0.0,0.0,0.0,,35.4,15.0,0.0,3.0,DeKalb
2013,18035,0.0,5.0,51.1,60.0,14.5,17.0,6.8,8.0,,22.1,26.0,0.0,8.0,Delaware
2013,18037,0.0,0.0,0.0,0.0,0.0,0.0,0.0,0.0,,0.0,0.0,0.0,0.0,Dubois
2013,18039,0.0,3.0,9.5,19.0,0.0,0.0,0.0,0.0,,15.5,31.0,0.0,5.0,Elkhart
2013,18041,0.0,0.0,75.4,18.0,0.0,0.0,0.0,0.0,,79.6,19.0,0.0,0.0,Fayette
2013,18043,0.0,4.0,36.7,28.0,7.9,6.0,0.0,0.0,,32.8,25.0,0.0,4.0,Floyd
2013,18045,0.0,1.0,41.5,7.0,0.0,0.0,0.0,0.0,,65.2,11.0,0.0,0.0,Fountain
2013,18047,0.0,1.0,87.1,20.0,0.0,0.0,0.0,0.0,,21.8,5.0,0.0,2.0,Franklin
2013,18049,0.0,0.0,24.5,5.0,0.0,0.0,0.0,0.0,,0.0,0.0,0.0,2.0,Fulton
2013,18051,0.0,0.0,0.0,0.0,0.0,0.0,0.0,0.0,,0.0,0.0,0.0,0.0,Gibson
2013,18053,0.0,0.0,7.2,5.0,0.0,0.0,0.0,0.0,,26.0,18.0,0.0,2.0,Grant
2013,18055,0.0,0.0,18.3,6.0,0.0,0.0,0.0,0.0,,0.0,0.0,0.0,0.0,Greene
2013,18057,0.0,2.0,28.6,85.0,5.4,16.0,0.0,0.0,,27.0,80.0,0.0,0.0,Hamilton
2013,18059,0.0,2.0,21.0,15.0,0.0,0.0,0.0,0.0,,33.5,24.0,0.0,2.0,Hancock
2013,18061,0.0,0.0,0.0,0.0,0.0,0.0,0.0,0.0,,25.5,10.0,0.0,1.0,Harrison
2013,18063,0.0,8.0,35.7,55.0,6.5,10.0,0.0,0.0,,15.6,24.0,0.0,3.0,Hendricks
2013,18065,0.0,0.0,20.4,10.0,0.0,0.0,0.0,0.0,,34.7,17.0,0.0,2.0,Henry
2013,18067,0.0,0.0,70.1,58.0,0.0,0.0,18.1,15.0,,45.9,38.0,0.0,3.0,Howard
2013,18069,0.0,0.0,16.3,6.0,0.0,0.0,0.0,0.0,,29.9,11.0,0.0,0.0,Huntington
2013,18071,0.0,0.0,32.2,14.0,0.0,0.0,0.0,0.0,,18.4,8.0,0.0,1.0,Jackson
2013,18073,0.0,2.0,80.9,27.0,0.0,0.0,0.0,0.0,,0.0,0.0,0.0,0.0,Jasper
2013,18075,0.0,0.0,32.8,7.0,0.0,0.0,0.0,0.0,,37.5,8.0,0.0,4.0,Jay
2013,18077,0.0,1.0,70.9,23.0,0.0,0.0,0.0,0.0,,43.1,14.0,0.0,3.0,Jefferson
2013,18079,0.0,0.0,46.0,13.0,0.0,0.0,0.0,0.0,,46.0,13.0,0.0,0.0,Jennings
2013,18081,0.0,0.0,24.0,35.0,4.8,7.0,0.0,0.0,,33.7,49.0,0.0,2.0,Johnson
2013,18083,0.0,0.0,13.2,5.0,0.0,0.0,0.0,0.0,,15.8,6.0,0.0,1.0,Knox
2013,18085,0.0,0.0,37.2,29.0,0.0,0.0,0.0,0.0,,30.8,24.0,0.0,2.0,Kosciusko
2013,18087,0.0,0.0,0.0,0.0,0.0,0.0,0.0,0.0,,15.8,6.0,0.0,0.0,LaGrange
2013,18089,4.9,24.0,91.4,449.0,7.9,39.0,0.0,0.0,,30.7,151.0,2.2,11.0,Lake
2013,18091,0.0,2.0,135.7,151.0,7.2,8.0,0.0,0.0,,52.1,58.0,0.0,1.0,LaPorte
2013,18093,0.0,0.0,34.9,16.0,0.0,0.0,19.6,9.0,,61.1,28.0,0.0,5.0,Lawrence
2013,18095,0.0,1.0,16.1,21.0,3.8,5.0,0.0,0.0,,35.3,46.0,10.7,14.0,Madison
2013,18097,3.9,36.0,66.7,619.0,8.9,83.0,1.4,13.0,,45.0,418.0,2.2,20.0,Marion
2013,18099,0.0,1.0,55.2,26.0,0.0,0.0,0.0,0.0,,25.5,12.0,0.0,0.0,Marshall
2013,18101,0.0,0.0,0.0,0.0,0.0,0.0,0.0,0.0,,0.0,0.0,0.0,0.0,Martin
2013,18103,0.0,0.0,0.0,0.0,0.0,0.0,0.0,0.0,,16.6,6.0,0.0,0.0,Miami
2013,18105,0.0,3.0,60.6,86.0,0.0,0.0,5.6,8.0,,28.9,41.0,0.0,0.0,Monroe
2013,18107,0.0,1.0,89.1,34.0,0.0,0.0,0.0,0.0,,70.7,27.0,0.0,1.0,Montgomery
2013,18109,0.0,2.0,96.0,67.0,20.1,14.0,0.0,0.0,,64.5,45.0,0.0,0.0,Morgan
2013,18111,0.0,0.0,0.0,0.0,0.0,0.0,0.0,0.0,,0.0,0.0,0.0,0.0,Newton
2013,18113,0.0,0.0,44.1,21.0,0.0,0.0,0.0,0.0,,25.2,12.0,0.0,1.0,Noble
2013,18115,0.0,0.0,166.8,10.0,0.0,0.0,0.0,0.0,,0.0,0.0,0.0,0.0,Ohio
2013,18117,0.0,0.0,0.0,0.0,0.0,0.0,0.0,0.0,,40.5,8.0,0.0,2.0,Orange
2013,18119,0.0,0.0,28.3,6.0,0.0,0.0,0.0,0.0,,47.2,10.0,0.0,0.0,Owen
2013,18121,0.0,0.0,0.0,0.0,0.0,0.0,0.0,0.0,,0.0,0.0,0.0,0.0,Parke
2013,18123,0.0,0.0,0.0,0.0,0.0,0.0,0.0,0.0,,25.6,5.0,0.0,0.0,Perry
2013,18125,0.0,0.0,0.0,0.0,0.0,0.0,0.0,0.0,,0.0,0.0,0.0,0.0,Pike
2013,18127,9.0,15.0,114.1,190.0,9.0,15.0,0.0,0.0,,30.6,51.0,0.0,9.0,Porter
2013,18129,0.0,0.0,0.0,0.0,0.0,0.0,0.0,0.0,,0.0,0.0,0.0,0.0,Posey
2013,18131,0.0,0.0,61.5,8.0,0.0,0.0,0.0,0.0,,69.2,9.0,0.0,1.0,Pulaski
2013,18133,0.0,0.0,21.3,8.0,0.0,0.0,0.0,0.0,,37.3,14.0,0.0,0.0,Putnam
2013,18135,0.0,0.0,81.9,21.0,0.0,0.0,0.0,0.0,,31.2,8.0,0.0,1.0,Randolph
2013,18137,0.0,1.0,98.5,28.0,0.0,0.0,0.0,0.0,,31.7,9.0,0.0,0.0,Ripley
2013,18139,0.0,1.0,0.0,0.0,0.0,0.0,0.0,0.0,,47.0,8.0,0.0,0.0,Rush
2013,18141,4.1,11.0,78.7,210.0,7.5,20.0,3.4,9.0,,49.9,133.0,0.0,7.0,St. Joseph
2013,18143,0.0,0.0,33.4,8.0,0.0,0.0,0.0,0.0,,66.7,16.0,0.0,3.0,Scott
2013,18145,0.0,0.0,35.8,16.0,17.9,8.0,0.0,0.0,,40.2,18.0,0.0,1.0,Shelby
2013,18147,0.0,0.0,0.0,0.0,0.0,0.0,0.0,0.0,,0.0,0.0,0.0,0.0,Spencer
2013,18149,0.0,3.0,142.3,33.0,0.0,0.0,0.0,0.0,,51.7,12.0,0.0,4.0,Starke
2013,18151,0.0,0.0,0.0,0.0,0.0,0.0,0.0,0.0,,34.9,12.0,0.0,0.0,Steuben
2013,18153,0.0,0.0,0.0,0.0,0.0,0.0,0.0,0.0,,37.7,8.0,0.0,0.0,Sullivan
2013,18155,0.0,2.0,57.0,6.0,0.0,0.0,0.0,0.0,,0.0,0.0,0.0,0.0,Switzerland
2013,18157,0.0,2.0,23.3,42.0,3.3,6.0,0.0,0.0,,30.5,55.0,0.0,4.0,Tippecanoe
2013,18159,0.0,0.0,31.9,5.0,0.0,0.0,0.0,0.0,,31.9,5.0,0.0,0.0,Tipton
2013,18161,0.0,0.0,0.0,0.0,0.0,0.0,0.0,0.0,,68.7,5.0,0.0,0.0,Union
2013,18163,0.0,1.0,5.0,9.0,2.8,5.0,3.3,6.0,,17.1,31.0,0.0,1.0,Vanderburgh
2013,18165,0.0,0.0,0.0,0.0,0.0,0.0,0.0,0.0,,0.0,0.0,0.0,0.0,Vermillion
2013,18167,0.0,0.0,0.0,0.0,0.0,0.0,0.0,0.0,,13.9,15.0,0.0,4.0,Vigo
2013,18169,0.0,0.0,58.7,19.0,0.0,0.0,27.8,9.0,,24.7,8.0,0.0,0.0,Wabash
2013,18171,0.0,0.0,0.0,0.0,0.0,0.0,0.0,0.0,,0.0,0.0,0.0,1.0,Warren
2013,18173,0.0,0.0,14.7,9.0,0.0,0.0,0.0,0.0,,18.0,11.0,0.0,0.0,Warrick
2013,18175,0.0,2.0,39.6,11.0,0.0,0.0,0.0,0.0,,54.0,15.0,0.0,2.0,Washington
2013,18177,0.0,1.0,154.7,105.0,13.3,9.0,0.0,0.0,,72.2,49.0,0.0,2.0,Wayne
2013,18179,0.0,0.0,0.0,0.0,0.0,0.0,0.0,0.0,,0.0,0.0,0.0,0.0,Wells
2013,18181,0.0,1.0,0.0,0.0,0.0,0.0,0.0,0.0,,32.7,8.0,0.0,0.0,White
2013,18183,0.0,0.0,30.0,10.0,0.0,0.0,0.0,0.0,,18.0,6.0,0.0,2.0,Whitley
2014,18,2.6,170.0,56.4,3718.0,5.9,391.0,2.0,135.0,,42.8,2822.0,3.8,250.0,INDIANA
2014,18001,0.0,0.0,0.0,0.0,0.0,0.0,0.0,0.0,,14.4,5.0,0.0,1.0,Adams
2014,18003,0.0,2.0,19.9,73.0,4.9,18.0,1.4,5.0,,13.9,51.0,0.0,8.0,Allen
2014,18005,0.0,0.0,36.2,29.0,8.7,7.0,6.2,5.0,,81.0,65.0,0.0,1.0,Bartholomew
2014,18007,0.0,0.0,0.0,0.0,0.0,0.0,0.0,0.0,,0.0,0.0,0.0,3.0,Benton
2014,18009,0.0,1.0,56.4,7.0,0.0,0.0,0.0,0.0,,0.0,0.0,0.0,2.0,Blackford
2014,18011,0.0,1.0,67.8,42.0,8.1,5.0,0.0,0.0,,51.7,32.0,0.0,1.0,Boone
2014,18013,0.0,0.0,93.6,14.0,0.0,0.0,0.0,0.0,,0.0,0.0,0.0,1.0,Brown
2014,18015,0.0,0.0,35.1,7.0,0.0,0.0,0.0,0.0,,0.0,0.0,0.0,0.0,Carroll
2014,18017,0.0,0.0,23.4,9.0,0.0,0.0,0.0,0.0,,20.8,8.0,0.0,0.0,Cass
2014,18019,0.0,3.0,53.4,61.0,6.1,7.0,0.0,0.0,,65.6,75.0,0.0,3.0,Clark
2014,18021,0.0,0.0,0.0,0.0,0.0,0.0,0.0,0.0,,0.0,0.0,0.0,0.0,Clay
2014,18023,0.0,0.0,54.9,18.0,0.0,0.0,0.0,0.0,,91.5,30.0,0.0,1.0,Clinton
2014,18025,0.0,0.0,0.0,0.0,0.0,0.0,0.0,0.0,,0.0,0.0,0.0,1.0,Crawford
2014,18027,0.0,0.0,0.0,0.0,0.0,0.0,0.0,0.0,,18.3,6.0,0.0,0.0,Daviess
2014,18029,0.0,4.0,222.6,110.0,0.0,0.0,0.0,0.0,,40.5,20.0,0.0,7.0,Dearborn
2014,18031,0.0,2.0,22.6,6.0,0.0,0.0,0.0,0.0,,49.0,13.0,0.0,1.0,Decatur
2014,18033,0.0,0.0,25.9,11.0,0.0,0.0,0.0,0.0,,30.6,13.0,0.0,0.0,DeKalb
2014,18035,0.0,5.0,95.7,112.0,15.4,18.0,6.8,8.0,,51.2,60.0,13.7,16.0,Delaware
2014,18037,0.0,0.0,0.0,0.0,0.0,0.0,0.0,0.0,,0.0,0.0,0.0,1.0,Dubois
2014,18039,0.0,3.0,18.8,38.0,0.0,0.0,0.0,0.0,,19.8,40.0,0.0,8.0,Elkhart
2014,18041,0.0,3.0,157.7,37.0,0.0,0.0,0.0,0.0,,204.5,48.0,0.0,7.0,Fayette
2014,18043,0.0,6.0,48.6,37.0,9.2,7.0,0.0,0.0,,44.6,34.0,0.0,9.0,Floyd
2014,18045,0.0,1.0,42.0,7.0,0.0,0.0,0.0,0.0,,0.0,0.0,0.0,2.0,Fountain
2014,18047,0.0,3.0,122.1,28.0,0.0,0.0,0.0,0.0,,26.2,6.0,0.0,2.0,Franklin
2014,18049,0.0,0.0,0.0,0.0,0.0,0.0,0.0,0.0,,39.0,8.0,0.0,0.0,Fulton
2014,18051,0.0,1.0,0.0,0.0,0.0,0.0,0.0,0.0,,14.8,5.0,0.0,1.0,Gibson
2014,18053,0.0,1.0,21.9,15.0,7.3,5.0,0.0,0.0,,52.5,36.0,0.0,1.0,Grant
2014,18055,0.0,0.0,27.5,9.0,0.0,0.0,0.0,0.0,,24.4,8.0,0.0,0.0,Greene
2014,18057,0.0,5.0,36.7,111.0,4.3,13.0,0.0,0.0,,27.4,83.0,0.0,2.0,Hamilton
2014,18059,0.0,1.0,40.3,29.0,9.7,7.0,0.0,0.0,,45.8,33.0,0.0,7.0,Hancock
2014,18061,0.0,1.0,12.7,5.0,0.0,0.0,0.0,0.0,,30.5,12.0,0.0,2.0,Harrison
2014,18063,0.0,1.0,42.9,67.0,7.0,11.0,0.0,0.0,,40.4,63.0,0.0,8.0,Hendricks
2014,18065,0.0,0.0,34.7,17.0,0.0,0.0,0.0,0.0,,28.6,14.0,0.0,0.0,Henry
2014,18067,0.0,1.0,141.0,117.0,15.7,13.0,15.7,13.0,,66.3,55.0,0.0,6.0,Howard
2014,18069,0.0,0.0,0.0,0.0,0.0,0.0,0.0,0.0,,27.2,10.0,0.0,2.0,Huntington
2014,18071,0.0,1.0,32.0,14.0,0.0,0.0,0.0,0.0,,61.8,27.0,0.0,2.0,Jackson
2014,18073,0.0,0.0,95.6,32.0,0.0,0.0,0.0,0.0,,38.8,13.0,0.0,0.0,Jasper
2014,18075,0.0,0.0,66.1,14.0,0.0,0.0,0.0,0.0,,51.9,11.0,0.0,0.0,Jay
2014,18077,0.0,1.0,64.6,21.0,0.0,0.0,0.0,0.0,,36.9,12.0,0.0,1.0,Jefferson
2014,18079,0.0,0.0,53.6,15.0,0.0,0.0,0.0,0.0,,67.9,19.0,0.0,1.0,Jennings
2014,18081,0.0,1.0,31.2,46.0,6.1,9.0,0.0,0.0,,44.7,66.0,0.0,1.0,Johnson
2014,18083,0.0,0.0,0.0,0.0,0.0,0.0,0.0,0.0,,21.1,8.0,0.0,2.0,Knox
2014,18085,0.0,1.0,14.0,11.0,0.0,0.0,0.0,0.0,,28.0,22.0,0.0,0.0,Kosciusko
2014,18087,0.0,0.0,0.0,0.0,0.0,0.0,0.0,0.0,,15.6,6.0,0.0,1.0,LaGrange
2014,18089,4.7,23.0,75.5,370.0,8.6,42.0,0.0,0.0,,35.7,175.0,2.2,11.0,Lake
2014,18091,0.0,6.0,132.8,148.0,4.5,5.0,0.0,0.0,,48.5,54.0,0.0,0.0,LaPorte
2014,18093,0.0,1.0,56.9,26.0,0.0,0.0,26.3,12.0,,56.9,26.0,0.0,5.0,Lawrence
2014,18095,0.0,2.0,39.2,51.0,8.5,11.0,0.0,0.0,,37.7,49.0,10.8,14.0,Madison
2014,18097,4.0,37.0,78.8,736.0,9.3,87.0,1.7,16.0,,73.5,687.0,3.3,31.0,Marion
2014,18099,0.0,0.0,42.5,20.0,0.0,0.0,0.0,0.0,,36.1,17.0,0.0,1.0,Marshall
2014,18101,0.0,0.0,0.0,0.0,0.0,0.0,0.0,0.0,,0.0,0.0,0.0,0.0,Martin
2014,18103,0.0,0.0,41.7,15.0,0.0,0.0,0.0,0.0,,61.2,22.0,0.0,1.0,Miami
2014,18105,0.0,4.0,91.4,131.0,4.2,6.0,3.5,5.0,,36.3,52.0,0.0,2.0,Monroe
2014,18107,0.0,0.0,110.1,42.0,0.0,0.0,0.0,0.0,,55.1,21.0,0.0,1.0,Montgomery
2014,18109,0.0,0.0,83.2,58.0,17.2,12.0,0.0,0.0,,93.3,65.0,0.0,2.0,Morgan
2014,18111,0.0,0.0,113.0,16.0,0.0,0.0,0.0,0.0,,0.0,0.0,0.0,1.0,Newton
2014,18113,0.0,0.0,0.0,0.0,0.0,0.0,0.0,0.0,,25.2,12.0,0.0,3.0,Noble
2014,18115,0.0,0.0,82.9,5.0,0.0,0.0,0.0,0.0,,0.0,0.0,0.0,1.0,Ohio
2014,18117,0.0,0.0,0.0,0.0,0.0,0.0,0.0,0.0,,0.0,0.0,0.0,1.0,Orange
2014,18119,0.0,1.0,52.5,11.0,0.0,0.0,0.0,0.0,,42.9,9.0,0.0,0.0,Owen
2014,18121,0.0,0.0,0.0,0.0,0.0,0.0,0.0,0.0,,29.0,5.0,0.0,0.0,Parke
2014,18123,0.0,0.0,0.0,0.0,0.0,0.0,0.0,0.0,,0.0,0.0,0.0,0.0,Perry
2014,18125,0.0,0.0,0.0,0.0,0.0,0.0,0.0,0.0,,0.0,0.0,0.0,1.0,Pike
2014,18127,7.2,12.0,118.5,198.0,6.0,10.0,0.0,0.0,,40.7,68.0,10.8,18.0,Porter
2014,18129,0.0,0.0,0.0,0.0,0.0,0.0,0.0,0.0,,0.0,0.0,0.0,0.0,Posey
2014,18131,0.0,1.0,0.0,0.0,0.0,0.0,0.0,0.0,,46.3,6.0,0.0,1.0,Pulaski
2014,18133,0.0,1.0,23.9,9.0,0.0,0.0,0.0,0.0,,21.3,8.0,0.0,0.0,Putnam
2014,18135,0.0,1.0,70.9,18.0,0.0,0.0,0.0,0.0,,55.2,14.0,0.0,3.0,Randolph
2014,18137,0.0,0.0,115.8,33.0,0.0,0.0,0.0,0.0,,31.6,9.0,0.0,0.0,Ripley
2014,18139,0.0,1.0,65.1,11.0,0.0,0.0,0.0,0.0,,41.4,7.0,0.0,1.0,Rush
2014,18141,6.0,16.0,96.0,257.0,3.7,10.0,2.2,6.0,,47.5,127.0,0.0,9.0,St. Joseph
2014,18143,0.0,1.0,38.0,9.0,0.0,0.0,0.0,0.0,,84.3,20.0,0.0,5.0,Scott
2014,18145,0.0,1.0,33.6,15.0,0.0,0.0,0.0,0.0,,62.8,28.0,0.0,0.0,Shelby
2014,18147,0.0,0.0,0.0,0.0,0.0,0.0,0.0,0.0,,0.0,0.0,0.0,0.0,Spencer
2014,18149,0.0,1.0,242.7,56.0,0.0,0.0,0.0,0.0,,47.7,11.0,0.0,3.0,Starke
2014,18151,0.0,0.0,0.0,0.0,0.0,0.0,0.0,0.0,,20.4,7.0,0.0,2.0,Steuben
2014,18153,0.0,0.0,0.0,0.0,0.0,0.0,0.0,0.0,,0.0,0.0,0.0,0.0,Sullivan
2014,18155,0.0,0.0,57.4,6.0,0.0,0.0,0.0,0.0,,0.0,0.0,0.0,1.0,Switzerland
2014,18157,0.0,5.0,30.0,55.0,4.9,9.0,0.0,0.0,,33.9,62.0,0.0,5.0,Tippecanoe
2014,18159,0.0,0.0,51.9,8.0,0.0,0.0,0.0,0.0,,45.4,7.0,0.0,1.0,Tipton
2014,18161,0.0,1.0,193.2,14.0,0.0,0.0,0.0,0.0,,151.8,11.0,0.0,1.0,Union
2014,18163,0.0,2.0,6.6,12.0,0.0,0.0,0.0,0.0,,25.8,47.0,0.0,5.0,Vanderburgh
2014,18165,0.0,0.0,0.0,0.0,0.0,0.0,0.0,0.0,,0.0,0.0,0.0,0.0,Vermillion
2014,18167,0.0,0.0,4.6,5.0,0.0,0.0,0.0,0.0,,17.6,19.0,0.0,0.0,Vigo
2014,18169,0.0,0.0,58.9,19.0,0.0,0.0,27.9,9.0,,58.9,19.0,0.0,1.0,Wabash
2014,18171,0.0,0.0,0.0,0.0,0.0,0.0,0.0,0.0,,0.0,0.0,0.0,0.0,Warren
2014,18173,0.0,0.0,0.0,0.0,0.0,0.0,0.0,0.0,,13.1,8.0,0.0,2.0,Warrick
2014,18175,0.0,3.0,64.6,18.0,0.0,0.0,0.0,0.0,,78.9,22.0,0.0,0.0,Washington
2014,18177,0.0,0.0,181.8,123.0,19.2,13.0,0.0,0.0,,69.5,47.0,0.0,3.0,Wayne
2014,18179,0.0,0.0,0.0,0.0,0.0,0.0,0.0,0.0,,0.0,0.0,0.0,1.0,Wells
2014,18181,0.0,1.0,20.4,5.0,0.0,0.0,0.0,0.0,,40.9,10.0,0.0,1.0,White
2014,18183,0.0,0.0,0.0,0.0,0.0,0.0,0.0,0.0,,32.9,11.0,0.0,0.0,Whitley
2015,18,,,74.2,4910.0,30.1,1992.0,1.8,119.0,,45.0,2977.0,4.1,274.0,INDIANA
2015,18001,,,37.2,13.0,14.3,5.0,0.0,0.0,,20.0,7.0,0.0,0.0,Adams
2015,18003,,,36.1,133.0,36.4,134.0,0.0,0.0,,30.9,114.0,3.5,13.0,Allen
2015,18005,,,57.9,47.0,21.0,17.0,0.0,0.0,,43.1,35.0,0.0,1.0,Bartholomew
2015,18007,,,0.0,0.0,0.0,0.0,0.0,0.0,,0.0,0.0,0.0,0.0,Benton
2015,18009,,,154.5,19.0,0.0,0.0,0.0,0.0,,65.1,8.0,0.0,2.0,Blackford
2015,18011,,,58.4,37.0,33.1,21.0,0.0,0.0,,41.0,26.0,0.0,5.0,Boone
2015,18013,,,86.8,13.0,0.0,0.0,0.0,0.0,,0.0,0.0,0.0,0.0,Brown
2015,18015,,,30.2,6.0,0.0,0.0,0.0,0.0,,30.2,6.0,0.0,0.0,Carroll
2015,18017,,,39.5,15.0,0.0,0.0,0.0,0.0,,55.3,21.0,0.0,1.0,Cass
2015,18019,,,60.7,70.0,17.4,20.0,0.0,0.0,,35.5,41.0,0.0,5.0,Clark
2015,18021,,,0.0,0.0,0.0,0.0,0.0,0.0,,22.6,6.0,0.0,0.0,Clay
2015,18023,,,67.5,22.0,30.7,10.0,0.0,0.0,,73.6,24.0,0.0,2.0,Clinton
2015,18025,,,0.0,0.0,0.0,0.0,0.0,0.0,,0.0,0.0,0.0,0.0,Crawford
2015,18027,,,57.7,19.0,0.0,0.0,0.0,0.0,,0.0,0.0,0.0,0.0,Daviess
2015,18029,,,256.8,127.0,42.5,21.0,0.0,0.0,,70.8,35.0,22.2,11.0,Dearborn
2015,18031,,,30.2,8.0,18.9,5.0,0.0,0.0,,56.6,15.0,0.0,2.0,Decatur
2015,18033,,,16.4,7.0,11.7,5.0,0.0,0.0,,16.4,7.0,0.0,1.0,DeKalb
2015,18035,,,169.4,198.0,72.7,85.0,0.0,0.0,,79.6,93.0,0.0,7.0,Delaware
2015,18037,,,0.0,0.0,11.8,5.0,0.0,0.0,,0.0,0.0,0.0,0.0,Dubois
2015,18039,,,14.7,30.0,23.1,47.0,0.0,0.0,,22.1,45.0,0.0,2.0,Elkhart
2015,18041,,,213.4,50.0,72.6,17.0,0.0,0.0,,76.8,18.0,0.0,6.0,Fayette
2015,18043,,,48.2,37.0,36.4,28.0,0.0,0.0,,59.9,46.0,0.0,7.0,Floyd
2015,18045,,,30.1,5.0,0.0,0.0,0.0,0.0,,36.2,6.0,0.0,0.0,Fountain
2015,18047,,,144.3,33.0,0.0,0.0,0.0,0.0,,30.6,7.0,0.0,2.0,Franklin
2015,18049,,,44.3,9.0,0.0,0.0,0.0,0.0,,24.6,5.0,0.0,0.0,Fulton
2015,18051,,,0.0,0.0,0.0,0.0,0.0,0.0,,0.0,0.0,0.0,0.0,Gibson
2015,18053,,,103.0,70.0,26.5,18.0,0.0,0.0,,60.3,41.0,0.0,3.0,Grant
2015,18055,,,49.3,16.0,0.0,0.0,0.0,0.0,,37.0,12.0,0.0,0.0,Greene
2015,18057,,,55.2,171.0,13.2,41.0,0.0,0.0,,38.7,120.0,3.6,11.0,Hamilton
2015,18059,,,48.3,35.0,13.8,10.0,0.0,0.0,,52.4,38.0,0.0,2.0,Hancock
2015,18061,,,12.6,5.0,0.0,0.0,0.0,0.0,,50.5,20.0,0.0,1.0,Harrison
2015,18063,,,51.8,82.0,13.9,22.0,0.0,0.0,,39.2,62.0,0.0,1.0,Hendricks
2015,18065,,,51.0,25.0,24.5,12.0,0.0,0.0,,18.4,9.0,0.0,1.0,Henry
2015,18067,,,179.3,148.0,32.7,27.0,12.1,10.0,,73.9,61.0,17.0,14.0,Howard
2015,18069,,,13.7,5.0,57.3,21.0,0.0,0.0,,65.5,24.0,0.0,1.0,Huntington
2015,18071,,,70.3,31.0,13.6,6.0,0.0,0.0,,40.8,18.0,0.0,4.0,Jackson
2015,18073,,,128.5,43.0,47.8,16.0,0.0,0.0,,26.9,9.0,0.0,0.0,Jasper
2015,18075,,,198.9,42.0,0.0,0.0,0.0,0.0,,75.8,16.0,0.0,0.0,Jay
2015,18077,,,77.1,25.0,18.5,6.0,0.0,0.0,,15.4,5.0,0.0,0.0,Jefferson
2015,18079,,,68.1,19.0,46.6,13.0,0.0,0.0,,93.2,26.0,0.0,2.0,Jennings
2015,18081,,,35.4,53.0,22.1,33.0,0.0,0.0,,70.2,105.0,0.0,3.0,Johnson
2015,18083,,,23.7,9.0,23.7,9.0,0.0,0.0,,18.5,7.0,0.0,1.0,Knox
2015,18085,,,28.0,22.0,19.1,15.0,0.0,0.0,,28.0,22.0,0.0,2.0,Kosciusko
2015,18087,,,0.0,0.0,0.0,0.0,0.0,0.0,,15.5,6.0,0.0,0.0,LaGrange
2015,18089,,,87.9,429.0,29.5,144.0,0.0,0.0,,32.8,160.0,2.3,11.0,Lake
2015,18091,,,118.1,131.0,40.6,45.0,0.0,0.0,,60.4,67.0,0.0,1.0,LaPorte
2015,18093,,,61.5,28.0,26.4,12.0,0.0,0.0,,24.2,11.0,0.0,2.0,Lawrence
2015,18095,,,66.3,86.0,50.1,65.0,4.6,6.0,,54.7,71.0,9.3,12.0,Madison
2015,18097,,,116.0,1089.0,35.9,337.0,1.6,15.0,,78.0,732.0,4.6,43.0,Marion
2015,18099,,,32.0,15.0,29.9,14.0,0.0,0.0,,27.7,13.0,0.0,0.0,Marshall
2015,18101,,,0.0,0.0,0.0,0.0,0.0,0.0,,0.0,0.0,0.0,0.0,Martin
2015,18103,,,100.4,36.0,0.0,0.0,0.0,0.0,,41.8,15.0,0.0,3.0,Miami
2015,18105,,,81.5,118.0,10.4,15.0,0.0,0.0,,38.7,56.0,0.0,6.0,Monroe
2015,18107,,,149.1,57.0,23.5,9.0,0.0,0.0,,75.9,29.0,0.0,0.0,Montgomery
2015,18109,,,113.4,79.0,35.9,25.0,0.0,0.0,,94.8,66.0,0.0,8.0,Morgan
2015,18111,,,85.7,12.0,0.0,0.0,0.0,0.0,,42.8,6.0,0.0,0.0,Newton
2015,18113,,,0.0,0.0,16.8,8.0,0.0,0.0,,12.6,6.0,0.0,0.0,Noble
2015,18115,,,0.0,0.0,0.0,0.0,0.0,0.0,,0.0,0.0,0.0,1.0,Ohio
2015,18117,,,30.6,6.0,0.0,0.0,0.0,0.0,,30.6,6.0,0.0,0.0,Orange
2015,18119,,,71.9,15.0,28.7,6.0,0.0,0.0,,28.7,6.0,0.0,1.0,Owen
2015,18121,,,35.5,6.0,0.0,0.0,0.0,0.0,,0.0,0.0,0.0,0.0,Parke
2015,18123,,,0.0,0.0,0.0,0.0,0.0,0.0,,0.0,0.0,0.0,1.0,Perry
2015,18125,,,0.0,0.0,0.0,0.0,0.0,0.0,,0.0,0.0,0.0,1.0,Pike
2015,18127,,,127.6,214.0,39.9,67.0,0.0,0.0,,33.4,56.0,0.0,8.0,Porter
2015,18129,,,0.0,0.0,0.0,0.0,0.0,0.0,,19.6,5.0,0.0,0.0,Posey
2015,18131,,,116.4,15.0,0.0,0.0,0.0,0.0,,54.3,7.0,0.0,0.0,Pulaski
2015,18133,,,21.3,8.0,0.0,0.0,0.0,0.0,,29.3,11.0,0.0,0.0,Putnam
2015,18135,,,119.2,30.0,35.8,9.0,0.0,0.0,,51.6,13.0,0.0,2.0,Randolph
2015,18137,,,142.9,41.0,0.0,0.0,0.0,0.0,,24.4,7.0,0.0,3.0,Ripley
2015,18139,,,96.0,16.0,0.0,0.0,0.0,0.0,,48.0,8.0,0.0,0.0,Rush
2015,18141,,,114.0,306.0,40.3,108.0,3.0,8.0,,50.7,136.0,5.6,15.0,St. Joseph
2015,18143,,,46.3,11.0,0.0,0.0,0.0,0.0,,25.3,6.0,0.0,4.0,Scott
2015,18145,,,67.4,30.0,31.4,14.0,0.0,0.0,,71.9,32.0,0.0,2.0,Shelby
2015,18147,,,0.0,0.0,0.0,0.0,0.0,0.0,,0.0,0.0,0.0,0.0,Spencer
2015,18149,,,326.7,75.0,30.5,7.0,0.0,0.0,,39.2,9.0,0.0,2.0,Starke
2015,18151,,,20.4,7.0,23.3,8.0,0.0,0.0,,17.5,6.0,0.0,0.0,Steuben
2015,18153,,,0.0,0.0,23.9,5.0,0.0,0.0,,23.9,5.0,0.0,0.0,Sullivan
2015,18155,,,57.0,6.0,0.0,0.0,0.0,0.0,,0.0,0.0,0.0,0.0,Switzerland
2015,18157,,,36.6,68.0,26.3,49.0,0.0,0.0,,49.5,92.0,0.0,4.0,Tippecanoe
2015,18159,,,59.0,9.0,0.0,0.0,0.0,0.0,,52.4,8.0,0.0,1.0,Tipton
2015,18161,,,194.9,14.0,0.0,0.0,0.0,0.0,,0.0,0.0,0.0,1.0,Union
2015,18163,,,11.5,21.0,38.4,70.0,3.3,6.0,,22.0,40.0,0.0,7.0,Vanderburgh
2015,18165,,,44.6,7.0,89.2,14.0,0.0,0.0,,0.0,0.0,0.0,0.0,Vermillion
2015,18167,,,13.9,15.0,24.1,26.0,0.0,0.0,,9.3,10.0,0.0,1.0,Vigo
2015,18169,,,112.0,36.0,46.7,15.0,40.5,13.0,,77.8,25.0,0.0,2.0,Wabash
2015,18171,,,0.0,0.0,0.0,0.0,0.0,0.0,,0.0,0.0,0.0,0.0,Warren
2015,18173,,,0.0,0.0,12.9,8.0,0.0,0.0,,14.5,9.0,0.0,0.0,Warrick
2015,18175,,,71.9,20.0,18.0,5.0,0.0,0.0,,50.3,14.0,0.0,3.0,Washington
2015,18177,,,161.2,108.0,85.1,57.0,0.0,0.0,,0.0,0.0,19.4,13.0,Wayne
2015,18179,,,50.1,14.0,28.6,8.0,0.0,0.0,,28.6,8.0,0.0,3.0,Wells
2015,18181,,,0.0,0.0,20.6,5.0,0.0,0.0,,49.4,12.0,0.0,0.0,White
2015,18183,,,0.0,0.0,23.9,8.0,0.0,0.0,,23.9,8.0,0.0,0.0,Whitley
2016,18,,,,,,,,,,,,7.4,488.0,INDIANA
2016,18001,,,,,,,,,,,,0.0,0.0,Adams
2016,18003,,,,,,,,,,,,4.3,16.0,Allen
2016,18005,,,,,,,,,,,,0.0,1.0,Bartholomew
2016,18007,,,,,,,,,,,,0.0,0.0,Benton
2016,18009,,,,,,,,,,,,0.0,4.0,Blackford
2016,18011,,,,,,,,,,,,15.5,10.0,Boone
2016,18013,,,,,,,,,,,,0.0,1.0,Brown
2016,18015,,,,,,,,,,,,0.0,0.0,Carroll
2016,18017,,,,,,,,,,,,0.0,0.0,Cass
2016,18019,,,,,,,,,,,,16.4,19.0,Clark
2016,18021,,,,,,,,,,,,0.0,0.0,Clay
2016,18023,,,,,,,,,,,,0.0,3.0,Clinton
2016,18025,,,,,,,,,,,,0.0,1.0,Crawford
2016,18027,,,,,,,,,,,,0.0,0.0,Daviess
2016,18029,,,,,,,,,,,,20.3,10.0,Dearborn
2016,18031,,,,,,,,,,,,0.0,2.0,Decatur
2016,18033,,,,,,,,,,,,0.0,1.0,DeKalb
2016,18035,,,,,,,,,,,,0.0,9.0,Delaware
2016,18037,,,,,,,,,,,,0.0,3.0,Dubois
2016,18039,,,,,,,,,,,,0.0,6.0,Elkhart
2016,18041,,,,,,,,,,,,0.0,3.0,Fayette
2016,18043,,,,,,,,,,,,18.2,14.0,Floyd
2016,18045,,,,,,,,,,,,0.0,0.0,Fountain
2016,18047,,,,,,,,,,,,0.0,5.0,Franklin
2016,18049,,,,,,,,,,,,0.0,1.0,Fulton
2016,18051,,,,,,,,,,,,0.0,0.0,Gibson
2016,18053,,,,,,,,,,,,0.0,1.0,Grant
2016,18055,,,,,,,,,,,,0.0,0.0,Greene
2016,18057,,,,,,,,,,,,3.2,10.0,Hamilton
2016,18059,,,,,,,,,,,,0.0,6.0,Hancock
2016,18061,,,,,,,,,,,,0.0,6.0,Harrison
2016,18063,,,,,,,,,,,,6.8,11.0,Hendricks
2016,18065,,,,,,,,,,,,0.0,0.0,Henry
2016,18067,,,,,,,,,,,,0.0,4.0,Howard
2016,18069,,,,,,,,,,,,0.0,3.0,Huntington
2016,18071,,,,,,,,,,,,0.0,3.0,Jackson
2016,18073,,,,,,,,,,,,0.0,2.0,Jasper
2016,18075,,,,,,,,,,,,0.0,2.0,Jay
2016,18077,,,,,,,,,,,,0.0,1.0,Jefferson
2016,18079,,,,,,,,,,,,0.0,1.0,Jennings
2016,18081,,,,,,,,,,,,0.0,4.0,Johnson
2016,18083,,,,,,,,,,,,0.0,3.0,Knox
2016,18085,,,,,,,,,,,,0.0,5.0,Kosciusko
2016,18087,,,,,,,,,,,,0.0,1.0,LaGrange
2016,18089,,,,,,,,,,,,4.7,23.0,Lake
2016,18091,,,,,,,,,,,,0.0,1.0,LaPorte
2016,18093,,,,,,,,,,,,0.0,1.0,Lawrence
2016,18095,,,,,,,,,,,,11.6,15.0,Madison
2016,18097,,,,,,,,,,,,11.6,109.0,Marion
2016,18099,,,,,,,,,,,,0.0,1.0,Marshall
2016,18101,,,,,,,,,,,,0.0,0.0,Martin
2016,18103,,,,,,,,,,,,0.0,2.0,Miami
2016,18105,,,,,,,,,,,,0.0,9.0,Monroe
2016,18107,,,,,,,,,,,,0.0,1.0,Montgomery
2016,18109,,,,,,,,,,,,0.0,9.0,Morgan
2016,18111,,,,,,,,,,,,0.0,4.0,Newton
2016,18113,,,,,,,,,,,,0.0,1.0,Noble
2016,18115,,,,,,,,,,,,0.0,2.0,Ohio
2016,18117,,,,,,,,,,,,0.0,1.0,Orange
2016,18119,,,,,,,,,,,,0.0,0.0,Owen
2016,18121,,,,,,,,,,,,0.0,0.0,Parke
2016,18123,,,,,,,,,,,,0.0,1.0,Perry
2016,18125,,,,,,,,,,,,0.0,1.0,Pike
2016,18127,,,,,,,,,,,,8.3,14.0,Porter
2016,18129,,,,,,,,,,,,0.0,0.0,Posey
2016,18131,,,,,,,,,,,,0.0,1.0,Pulaski
2016,18133,,,,,,,,,,,,0.0,2.0,Putnam
2016,18135,,,,,,,,,,,,0.0,7.0,Randolph
2016,18137,,,,,,,,,,,,0.0,6.0,Ripley
2016,18139,,,,,,,,,,,,0.0,1.0,Rush
2016,18141,,,,,,,,,,,,7.4,20.0,St. Joseph
2016,18143,,,,,,,,,,,,59.0,14.0,Scott
2016,18145,,,,,,,,,,,,0.0,0.0,Shelby
2016,18147,,,,,,,,,,,,0.0,0.0,Spencer
2016,18149,,,,,,,,,,,,0.0,4.0,Starke
2016,18151,,,,,,,,,,,,0.0,2.0,Steuben
2016,18153,,,,,,,,,,,,0.0,0.0,Sullivan
2016,18155,,,,,,,,,,,,0.0,1.0,Switzerland
2016,18157,,,,,,,,,,,,0.0,5.0,Tippecanoe
2016,18159,,,,,,,,,,,,0.0,3.0,Tipton
2016,18161,,,,,,,,,,,,0.0,1.0,Union
2016,18163,,,,,,,,,,,,11.0,20.0,Vanderburgh
2016,18165,,,,,,,,,,,,0.0,0.0,Vermillion
2016,18167,,,,,,,,,,,,0.0,4.0,Vigo
2016,18169,,,,,,,,,,,,0.0,2.0,Wabash
2016,18171,,,,,,,,,,,,0.0,0.0,Warren
2016,18173,,,,,,,,,,,,0.0,0.0,Warrick
2016,18175,,,,,,,,,,,,0.0,2.0,Washington
2016,18177,,,,,,,,,,,,36.1,24.0,Wayne
2016,18179,,,,,,,,,,,,0.0,1.0,Wells
2016,18181,,,,,,,,,,,,0.0,1.0,White
2016,18183,,,,,,,,,,,,0.0,0.0,Whitley
2017,18001,,,,,,,,,3.0,,,,,Adams
2017,18003,,,,,,,,,31.0,,,,,Allen
2017,18005,,,,,,,,,7.0,,,,,Bartholomew
2017,18009,,,,,,,,,2.0,,,,,Blackford
2017,18011,,,,,,,,,5.0,,,,,Boone
2017,18013,,,,,,,,,1.0,,,,,Brown
2017,18015,,,,,,,,,1.0,,,,,Carroll
2017,18017,,,,,,,,,3.0,,,,,Cass
2017,18019,,,,,,,,,8.0,,,,,Clark
2017,18021,,,,,,,,,2.0,,,,,Clay
2017,18023,,,,,,,,,3.0,,,,,Clinton
2017,18025,,,,,,,,,1.0,,,,,Crawford
2017,18027,,,,,,,,,1.0,,,,,Daviess
2017,18029,,,,,,,,,5.0,,,,,Dearborn
2017,18031,,,,,,,,,2.0,,,,,Decatur
2017,18033,,,,,,,,,2.0,,,,,DeKalb
2017,18035,,,,,,,,,13.0,,,,,Delaware
2017,18037,,,,,,,,,5.0,,,,,Dubois
2017,18039,,,,,,,,,15.0,,,,,Elkhart
2017,18041,,,,,,,,,2.0,,,,,Fayette
2017,18043,,,,,,,,,6.0,,,,,Floyd
2017,18045,,,,,,,,,2.0,,,,,Fountain
2017,18047,,,,,,,,,3.0,,,,,Franklin
2017,18049,,,,,,,,,2.0,,,,,Fulton
2017,18051,,,,,,,,,2.0,,,,,Gibson
2017,18053,,,,,,,,,6.0,,,,,Grant
2017,18055,,,,,,,,,3.0,,,,,Greene
2017,18057,,,,,,,,,27.0,,,,,Hamilton
2017,18059,,,,,,,,,6.0,,,,,Hancock
2017,18061,,,,,,,,,2.0,,,,,Harrison
2017,18063,,,,,,,,,11.0,,,,,Hendricks
2017,18065,,,,,,,,,6.0,,,,,Henry
2017,18067,,,,,,,,,7.0,,,,,Howard
2017,18069,,,,,,,,,2.0,,,,,Huntington
2017,18071,,,,,,,,,3.0,,,,,Jackson
2017,18073,,,,,,,,,4.0,,,,,Jasper
2017,18075,,,,,,,,,3.0,,,,,Jay
2017,18077,,,,,,,,,3.0,,,,,Jefferson
2017,18079,,,,,,,,,2.0,,,,,Jennings
2017,18081,,,,,,,,,13.0,,,,,Johnson
2017,18083,,,,,,,,,3.0,,,,,Knox
2017,18085,,,,,,,,,5.0,,,,,Kosciusko
2017,18087,,,,,,,,,2.0,,,,,LaGrange
2017,18089,,,,,,,,,46.0,,,,,Lake
2017,18091,,,,,,,,,9.0,,,,,LaPorte
2017,18093,,,,,,,,,3.0,,,,,Lawrence
2017,18095,,,,,,,,,11.0,,,,,Madison
2017,18097,,,,,,,,,113.0,,,,,Marion
2017,18099,,,,,,,,,4.0,,,,,Marshall
2017,18101,,,,,,,,,1.0,,,,,Martin
2017,18103,,,,,,,,,2.0,,,,,Miami
2017,18105,,,,,,,,,9.0,,,,,Monroe
2017,18107,,,,,,,,,3.0,,,,,Montgomery
2017,18109,,,,,,,,,5.0,,,,,Morgan
2017,18111,,,,,,,,,2.0,,,,,Newton
2017,18113,,,,,,,,,3.0,,,,,Noble
2017,18117,,,,,,,,,3.0,,,,,Orange
2017,18119,,,,,,,,,1.0,,,,,Owen
2017,18121,,,,,,,,,1.0,,,,,Parke
2017,18123,,,,,,,,,1.0,,,,,Perry
2017,18125,,,,,,,,,1.0,,,,,Pike
2017,18127,,,,,,,,,12.0,,,,,Porter
2017,18129,,,,,,,,,1.0,,,,,Posey
2017,18131,,,,,,,,,1.0,,,,,Pulaski
2017,18133,,,,,,,,,1.0,,,,,Putnam
2017,18135,,,,,,,,,1.0,,,,,Randolph
2017,18137,,,,,,,,,2.0,,,,,Ripley
2017,18139,,,,,,,,,1.0,,,,,Rush
2017,18141,,,,,,,,,25.0,,,,,St. Joseph
2017,18143,,,,,,,,,2.0,,,,,Scott
2017,18145,,,,,,,,,2.0,,,,,Shelby
2017,18149,,,,,,,,,3.0,,,,,Starke
2017,18151,,,,,,,,,2.0,,,,,Steuben
2017,18153,,,,,,,,,1.0,,,,,Sullivan
2017,18155,,,,,,,,,1.0,,,,,Switzerland
2017,18157,,,,,,,,,11.0,,,,,Tippecanoe
2017,18159,,,,,,,,,1.0,,,,,Tipton
2017,18161,,,,,,,,,1.0,,,,,Union
2017,18163,,,,,,,,,19.0,,,,,Vanderburgh
2017,18165,,,,,,,,,1.0,,,,,Vermillion
2017,18167,,,,,,,,,10.0,,,,,Vigo
2017,18169,,,,,,,,,3.0,,,,,Wabash
2017,18173,,,,,,,,,3.0,,,,,Warrick
2017,18175,,,,,,,,,1.0,,,,,Washington
2017,18177,,,,,,,,,6.0,,,,,Wayne
2017,18179,,,,,,,,,2.0,,,,,Wells
2017,18181,,,,,,,,,3.0,,,,,White
2017,18183,,,,,,,,,3.0,,,,,Whitley
